﻿<Ui xmlns="http://www.blizzard.com/wow/ui/">	
	<Script file='math.lua'/>
	<Script file='core.lua'/>
	<Script file='aprilfools.lua'/>
	<Script file='fonts.lua'/>
	<Script file='install.lua'/>
	<Script file='pluginInstaller.lua'/>
	<Script file='pixelperfect.lua'/>
	<Script file='toolkit.lua'/>
	<Script file='StatusReport.lua'/>
	<Script file='commands.lua'/>
	<Script file='staticpopups.lua'/>
	<Script file='animation.lua'/>
	<Script file='movers.lua'/>	
	<Script file='config.lua'/>
	<Script file='tutorials.lua'/>
	<Script file='distributor.lua'/>
	<Script file='dropdown.lua'/>
	<Script file='cooldowns.lua'/>
	<Script file='mapinfo.lua'/>
</Ui>